"Código OB","Fecha Medición","Hora Medición","Caudal (l/s)",Totalizador(m3),"Nivel Freatico(m)"
OB-0601-657,01/01/2025,00:00:07,7.312500,34932,564
OB-0601-657,02/01/2025,00:00:44,7.437500,35174,563
OB-0601-657,03/01/2025,00:06:14,7.500000,35564,563
OB-0601-657,04/01/2025,00:02:52,7.500000,36160,562
OB-0601-657,05/01/2025,00:05:36,7.312500,36362,561
OB-0601-657,06/01/2025,00:01:11,7.343750,36542,561
OB-0601-657,07/01/2025,00:06:40,7.281250,36995,560
OB-0601-657,08/01/2025,00:00:23,7.093750,37234,559
OB-0601-657,09/01/2025,00:05:54,7.406250,37433,559
OB-0601-657,10/01/2025,00:05:45,6.875000,38005,558
OB-0601-657,11/01/2025,00:00:14,8.437500,38205,558
OB-0601-657,12/01/2025,00:00:51,8.687500,38419,557
OB-0601-657,13/01/2025,00:03:15,6.562500,38620,557
OB-0601-657,14/01/2025,00:04:59,8.187500,38787,556
OB-0601-657,15/01/2025,00:00:40,124.500000,41197,556
OB-0601-657,16/01/2025,01:01:13,8.000000,43487,555
OB-0601-657,17/01/2025,00:04:49,0.000000,43700,555
OB-0601-657,18/01/2025,00:00:31,0.000000,43700,554
OB-0601-657,19/01/2025,12:42:29,0.000000,43700,554
OB-0601-657,25/01/2025,05:37:56,0.000000,43700,553
OB-0601-657,26/01/2025,06:06:29,0.000000,43708,550
OB-0601-657,27/01/2025,04:20:07,0.000000,43708,550
OB-0601-657,28/01/2025,01:20:56,0.000000,43708,549
OB-0601-657,29/01/2025,03:05:42,1.218750,43712,549
OB-0601-657,06/02/2025,21:12:19,0.000000,43712,549
OB-0601-657,13/02/2025,04:01:37,0.000000,43714,546
OB-0601-657,14/02/2025,02:49:11,0.000000,43714,544
OB-0601-657,15/02/2025,01:07:02,0.000000,43714,543
OB-0601-657,16/02/2025,00:51:25,0.000000,43714,543
OB-0601-657,17/02/2025,00:00:16,0.000000,43714,542
OB-0601-657,18/02/2025,00:06:53,0.000000,43714,542
OB-0601-657,19/02/2025,00:09:17,0.000000,43714,542
OB-0601-657,20/02/2025,00:00:07,0.000000,43714,542
OB-0601-657,21/02/2025,00:00:43,0.000000,43714,542
OB-0601-657,22/02/2025,00:01:20,0.000000,43714,541
OB-0601-657,23/02/2025,00:06:47,0.000000,43714,541
OB-0601-657,24/02/2025,00:32:46,0.000000,43714,541
OB-0601-657,25/02/2025,00:01:07,0.000000,43714,540
OB-0601-657,26/02/2025,00:00:50,0.000000,43714,540
OB-0601-657,27/02/2025,00:01:26,0.000000,43714,540
OB-0601-657,28/02/2025,16:03:10,0.000000,43714,540
OB-0601-657,01/03/2025,00:00:25,0.000000,43714,540
OB-0601-657,02/03/2025,00:05:55,0.000000,43714,540
OB-0601-657,03/03/2025,00:07:38,0.000000,43714,540
OB-0601-657,04/03/2025,00:00:15,0.000000,43714,539
OB-0601-657,05/03/2025,00:09:45,0.000000,43714,539
OB-0601-657,06/03/2025,00:02:22,0.000000,43714,539
OB-0601-657,07/03/2025,00:00:06,0.000000,43714,539
OB-0601-657,08/03/2025,00:18:35,-1.007813,43714,539
OB-0601-657,09/03/2025,00:16:59,0.000000,43714,539
OB-0601-657,10/03/2025,00:01:45,0.000000,43714,539
OB-0601-657,11/03/2025,00:00:22,0.000000,43714,539
OB-0601-657,12/03/2025,00:05:52,0.000000,43714,539
OB-0601-657,13/03/2025,00:37:35,0.000000,43714,539
OB-0601-657,14/03/2025,00:00:12,0.000000,43714,539
OB-0601-657,15/03/2025,02:50:39,0.000000,43714,539
OB-0601-657,16/03/2025,00:03:30,0.000000,43714,539
OB-0601-657,17/03/2025,00:00:02,0.000000,43714,539
OB-0601-657,18/03/2025,01:55:26,0.000000,43714,539
OB-0601-657,19/03/2025,00:07:03,0.000000,43714,539
OB-0601-657,20/03/2025,00:02:45,0.000000,43714,539
OB-0601-657,21/03/2025,00:00:30,0.000000,43714,539
OB-0601-657,22/03/2025,00:06:14,0.000000,43714,539
OB-0601-657,23/03/2025,00:10:36,0.000000,43714,539
OB-0601-657,24/03/2025,00:00:19,0.000000,43714,539
OB-0601-657,25/03/2025,00:00:55,0.000000,43714,539
OB-0601-657,26/03/2025,00:05:38,0.000000,43714,540
OB-0601-657,27/03/2025,00:00:07,0.000000,43714,540
OB-0601-657,28/03/2025,00:00:43,0.000000,43714,540
OB-0601-657,29/03/2025,00:01:20,0.000000,43714,540
OB-0601-657,30/03/2025,00:05:56,0.000000,43714,540
OB-0601-657,31/03/2025,00:00:33,-10.937500,43715,541
OB-0601-657,01/04/2025,08:00:41,-5.125000,43715,541
OB-0601-657,02/04/2025,00:02:46,-5.125000,43715,541
OB-0601-657,03/04/2025,00:00:23,-5.125000,43715,541
OB-0601-657,04/04/2025,00:05:52,-5.125000,43715,541
OB-0601-657,05/04/2025,00:06:30,0.000000,43715,541
OB-0601-657,06/04/2025,00:00:08,0.000000,43715,541
OB-0601-657,07/04/2025,00:00:46,0.000000,43715,542
OB-0601-657,08/04/2025,00:07:21,0.000000,43715,542
OB-0601-657,09/04/2025,00:27:45,0.000000,43715,542
OB-0601-657,10/04/2025,00:00:36,0.000000,43715,542
OB-0601-657,11/04/2025,15:25:14,0.000000,43715,543
OB-0601-657,12/04/2025,07:16:23,0.000000,43715,543
OB-0601-657,13/04/2025,00:00:21,0.000000,43717,543
OB-0601-657,14/04/2025,09:23:21,0.000000,43717,544
OB-0601-657,15/04/2025,01:48:14,0.000000,43717,544
OB-0601-657,16/04/2025,06:56:46,0.000000,43718,544
OB-0601-657,17/04/2025,13:50:59,0.000000,43718,544
OB-0601-657,18/04/2025,00:00:23,0.000000,43718,545
OB-0601-657,19/04/2025,00:00:59,0.000000,43718,545
OB-0601-657,21/04/2025,05:27:50,0.000000,43719,545
OB-0601-657,22/04/2025,12:04:24,0.000000,43720,546
OB-0601-657,23/04/2025,00:01:22,0.000000,43720,547
OB-0601-657,24/04/2025,00:00:01,0.000000,43720,547
OB-0601-657,25/04/2025,22:33:20,0.000000,43720,548
OB-0601-657,26/04/2025,00:01:15,1.507813,43736,548
OB-0601-657,27/04/2025,10:35:28,1.851563,43758,548
OB-0601-657,28/04/2025,00:00:24,0.000000,43780,549
OB-0601-657,29/04/2025,00:01:01,0.000000,43780,550
OB-0601-657,30/04/2025,00:01:37,0.000000,43780,550
OB-0601-657,01/05/2025,00:00:14,0.000000,43780,551
OB-0601-657,02/05/2025,00:00:52,0.000000,43780,551
OB-0601-657,03/05/2025,00:01:29,0.000000,43780,551
OB-0601-657,05/05/2025,06:28:04,0.000000,43780,552
OB-0601-657,07/05/2025,05:33:42,0.000000,43780,553
OB-0601-657,14/05/2025,22:06:50,0.000000,43780,553
OB-0601-657,15/05/2025,00:08:44,0.000000,45747,557
OB-0601-657,17/05/2025,17:27:47,0.000000,45747,557
OB-0601-657,18/05/2025,00:00:31,0.000000,45747,559
OB-0601-657,19/05/2025,00:11:06,0.000000,45752,559
OB-0601-657,22/05/2025,13:20:02,37.500000,45755,562
OB-0601-657,23/05/2025,16:19:42,0.000000,45758,560
OB-0601-657,24/05/2025,01:32:26,0.000000,45758,562
OB-0601-657,29/05/2025,13:10:17,0.000000,45758,562
OB-0601-657,30/05/2025,13:07:05,0.000000,59126,565
OB-0601-657,31/05/2025,00:00:27,0.000000,59129,565
OB-0601-657,01/06/2025,00:00:59,0.000000,59129,566
OB-0601-657,02/06/2025,00:01:37,0.000000,59129,566
OB-0601-657,03/06/2025,00:00:14,0.000000,59129,567
OB-0601-657,04/06/2025,00:01:44,0.000000,59129,567
OB-0601-657,05/06/2025,00:01:27,0.000000,59129,568
OB-0601-657,06/06/2025,10:41:26,0.000000,59129,568
OB-0601-657,07/06/2025,00:00:41,0.000000,59129,569
OB-0601-657,08/06/2025,00:01:14,0.000000,59129,569
OB-0601-657,09/06/2025,00:01:51,0.000000,59129,570
OB-0601-657,10/06/2025,00:00:27,0.000000,59129,570
OB-0601-657,14/06/2025,12:44:12,0.000000,59129,570
OB-0601-657,15/06/2025,00:01:28,0.000000,59130,573
OB-0601-657,16/06/2025,00:00:05,0.000000,59130,573
OB-0601-657,18/06/2025,18:12:20,0.000000,59132,573
OB-0601-657,19/06/2025,00:01:59,0.000000,59139,575
OB-0601-657,20/06/2025,00:01:29,0.000000,59139,575
OB-0601-657,21/06/2025,00:00:15,-3.578125,59140,575
OB-0601-657,22/06/2025,00:00:40,-1.242188,59140,576
OB-0601-657,23/06/2025,00:01:17,0.000000,59140,577
OB-0601-657,24/06/2025,00:01:55,0.000000,59140,577
OB-0601-657,25/06/2025,00:00:32,0.000000,59140,577
OB-0601-657,26/06/2025,00:01:10,0.000000,59140,578
OB-0601-657,27/06/2025,00:01:44,0.000000,59140,578
OB-0601-657,28/06/2025,00:00:19,0.000000,59140,579
OB-0601-657,29/06/2025,00:00:54,0.000000,59140,579
OB-0601-657,30/06/2025,00:01:31,0.000000,59140,579
OB-0601-657,01/07/2025,00:00:08,0.000000,59140,580
OB-0601-657,02/07/2025,00:00:47,0.000000,59140,580
OB-0601-657,03/07/2025,00:01:24,0.000000,59140,581
OB-0601-657,04/07/2025,00:00:02,0.000000,59140,581
OB-0601-657,05/07/2025,00:00:41,0.000000,59140,582
OB-0601-657,06/07/2025,00:01:08,0.000000,59140,582
OB-0601-657,07/07/2025,00:01:46,0.000000,59140,583
OB-0601-657,08/07/2025,00:00:24,0.000000,59140,583
OB-0601-657,09/07/2025,00:09:03,0.000000,59140,584
OB-0601-657,10/07/2025,00:01:41,0.000000,59140,584
OB-0601-657,11/07/2025,00:00:19,0.000000,59140,584
OB-0601-657,12/07/2025,00:01:45,0.000000,59140,585
OB-0601-657,13/07/2025,00:00:10,0.000000,59140,585
OB-0601-657,14/07/2025,00:00:48,0.000000,59140,586
OB-0601-657,15/07/2025,01:43:27,0.000000,59140,586
OB-0601-657,16/07/2025,00:00:04,0.000000,59140,587
OB-0601-657,17/07/2025,00:00:43,0.000000,59140,587
OB-0601-657,18/07/2025,10:08:41,0.000000,59140,587
OB-0601-657,19/07/2025,00:01:57,0.000000,59140,588
OB-0601-657,20/07/2025,03:49:04,0.000000,59140,588
OB-0601-657,22/07/2025,04:04:29,0.000000,59140,588
OB-0601-657,23/07/2025,08:23:48,0.000000,59140,589
OB-0601-657,25/07/2025,06:03:15,0.000000,59140,590
OB-0601-657,31/07/2025,19:07:15,0.000000,59140,590
OB-0601-657,03/08/2025,01:07:16,0.000000,59140,590
OB-0601-657,04/08/2025,01:42:33,0.000000,59141,594
OB-0601-657,08/08/2025,06:52:40,0.000000,59141,594
OB-0601-657,24/08/2025,11:17:41,0.000000,59141,596
OB-0601-657,25/08/2025,12:46:04,0.000000,59141,596
OB-0601-657,26/08/2025,20:48:25,0.000000,59141,596
OB-0601-657,04/09/2025,10:30:08,0.000000,59236,603
OB-0601-657,08/09/2025,21:10:11,0.000000,59241,603
OB-0601-657,09/09/2025,21:16:45,0.000000,59241,607
OB-0601-657,10/09/2025,11:22:00,0.000000,59241,607
OB-0601-657,11/09/2025,00:01:14,0.000000,59241,607
OB-0601-657,19/09/2025,11:43:22,0.000000,59241,608
OB-0601-657,20/09/2025,00:00:45,0.000000,59241,611
OB-0601-657,21/09/2025,00:01:21,0.000000,59241,611
OB-0601-657,22/09/2025,00:01:55,0.000000,59241,611
OB-0601-657,29/11/2025,23:20:44,0.000000,59241,619
OB-0601-657,30/11/2025,00:00:53,0.000000,59241,610
OB-0601-657,09/12/2025,12:07:55,0.000000,59241,610
OB-0601-657,14/12/2025,22:07:04,0.000000,59241,608
OB-0601-657,15/12/2025,11:24:19,0.000000,59241,607
OB-0601-657,16/12/2025,00:00:52,0.000000,59241,603
OB-0601-657,17/12/2025,09:50:42,0.000000,59241,603
OB-0601-657,18/12/2025,00:00:04,0.000000,59241,602
OB-0601-657,19/12/2025,00:00:39,0.000000,59241,602
OB-0601-657,20/12/2025,00:01:15,0.000000,59241,601
OB-0601-657,21/12/2025,00:01:56,0.000000,59241,601
OB-0601-657,23/12/2025,03:46:08,0.000000,59241,600
OB-0601-657,30/12/2025,23:40:11,0.000000,59241,599
OB-0601-657,31/12/2025,00:00:09,0.000000,59241,596
OB-0601-657,11/02/2026,14:59:17,0.000000,59241,592
OB-0601-657,12/02/2026,00:01:16,0.000000,59241,574
